Row Labels,Max of Healthcare_Spending_Percent_GDP,Average of GBV_Incidence_Rate,Count of Violent_Crime_Rate
Africa,16.2308017,18.52891621,25
Europe,16.17779081,18.71962541,19
South America,15.41108913,16.71913263,17
Oceania,13.7334421,18.49518659,17
Asia,15.57397821,16.3728047,11
North America,14.17197487,18.65717112,11
Grand Total,16.2308017,18.02868949,100
